{
    "MLP": {
        "accuracy": 93.75,
        "f1_macro": 0.9322188355385769,
        "parameters": 66888
    },
    "CNN": {
        "accuracy": 90.97222222222221,
        "f1_macro": 0.9030793567920343,
        "parameters": 430856
    },
    "LSTM": {
        "accuracy": 96.52777777777779,
        "f1_macro": 0.962314384280786,
        "parameters": 348745
    },
    "CNN-LSTM": {
        "accuracy": 92.36111111111111,
        "f1_macro": 0.9275798482168149,
        "parameters": 982921
    }
}