{
    "MLP": {
        "accuracy": 73.66720516962843,
        "f1_macro": 0.7361107209336549,
        "parameters": 66758
    },
    "CNN": {
        "accuracy": 65.85891222401723,
        "f1_macro": 0.6597608461113076,
        "parameters": 430726
    },
    "LSTM": {
        "accuracy": 76.89822294022616,
        "f1_macro": 0.7692321772512761,
        "parameters": 348615
    },
    "CNN-LSTM": {
        "accuracy": 73.88260635433494,
        "f1_macro": 0.7402107806439574,
        "parameters": 982791
    }
}